Sigdist,AVXV,AYXV,VEL1Y,VEL1X,VEL4X,VEL4Y,VEL5,VEL6,VELCOR,Initdir,XSize,YSize,TotalTime,VeLXZero,VelYZero,AvPress,PIXELCENX,PIXELCENY,PTD,HDRATION,SET,DCHANGE,DUR1,DUR2,DUR3,DUR4,TIME3,TIME4,TIME5,TIME6,class
1424,0.07,0,0,0,-2.92,795.84,-0.21,0.09,0,0,-0.24,13.51,1445.73,107.01,19.98,99,76,0.61,1022.26,884.31,199958813.4,13.51,19980,201,-9283,-10697,-9225,-10747,0,8,44
1293.4,0.07,-0.01,0.01,0,-1.37,54.6,-0.1,0.16,0.02,0,0.16,9.13,1404.02,153.79,18.17,67,56,0.5,1043.2,412.11,145006924.5,9.13,18170,186,-17703,-467,-7977,-10035,0,8,44
1366.59,0.1,-0.01,0,0,-0.14,141.47,-0.01,-0.34,0,0,0.36,10.69,1396.03,130.6,13.21,59,57,0.54,1102.85,371.06,97761788.56,10.69,13206,157,-13206,0,-6060,-7113,0,8,44
10.99,0,0,-0.07,-0.16,-526.36,-9.96,-0.16,0.19,0,0,0.18,10.05,1616.48,160.81,28.97,86,62,0.5,820.61,439.08,339076849.5,10.05,28970,188,-22214,-6756,-18095,-10858,8,8,45
1561.42,0.1,0,-0.12,0.49,-0.65,-494.6,-0.06,-0.15,0.07,0,0,8.73,1569.02,179.81,16.1,42,39,0.53,874.76,639.13,229217987.7,8.73,16101,148,-10442,-5659,-8706,-7379,0,17,45
1557.32,0.09,0,0.13,0.49,-1.64,582.15,-0.15,-0.23,0,0,-0.13,10.25,1570.87,153.3,17.16,46,35,0.57,887.59,700.47,240915567.7,10.25,17158,151,-11760,-5398,-9344,-7797,0,7,45
1560.25,0.08,0.01,0.01,0.06,-0.28,-21.68,0.17,-0.03,0.02,0,-0.26,6.12,1646.21,269.01,19.59,49,35,0.6,963.15,657.35,190037000.8,6.12,19585,155,-14632,-4953,-12204,-7364,7,7,46
1602.74,0.1,0.01,0.17,0,-0.7,-6.01,0.09,0.08,0,0,-0.41,6.83,1739.87,254.66,15.98,29,28,0.62,1016.54,711.42,183602113,6.83,15976,134,-10043,-5933,-7778,-8181,0,8,46
1720.47,0.11,0.01,0,0,-0.78,-4.27,-0.01,0.12,0,0,-0.2,4.07,1845.91,453.94,15.35,35,26,0.67,1120.99,645.13,209109780.9,4.07,15353,155,-11456,-3897,-7170,-8166,0,7,46
2288.86,0.11,0.01,0.16,0.06,-0.03,-24.01,0.02,0.06,0.01,0.01,-0.31,7.31,2309.04,315.67,21.31,43,27,0.57,1417.75,413.2,572361574.1,7.31,21313,134,-19149,-2164,-8986,-12310,8,8,47
1909.55,0.11,0.01,0,0,-0.56,0,0,0.16,0,0,-0.1,6.69,2085.46,311.58,17.72,62,42,0.56,1233.57,389.67,505184510.1,6.69,17717,141,-16115,-1602,-8701,-9000,8,8,47
1731.1,0.12,0,-0.11,0.1,-0.88,-385.37,-0.1,0.49,0.06,0,-0.07,9.35,1885.77,201.74,14.05,48,35,0.46,1226.28,346.98,289836053.7,9.35,14054,118,-13161,-893,-6971,-7067,0,8,47
2305.43,0.06,-0.01,0,0.5,-1.11,39.97,-0.07,-0.07,0.05,0,-0.19,4.36,2308.26,529.4,36.31,66,65,0.44,1128.61,915.45,735182294.3,4.36,36306,188,-17691,-18615,-17082,-18901,0,7,48
2337.69,0.12,-0.01,0.15,0.05,-1.04,100.06,-0.12,-0.05,0.05,0,-0.11,7.58,2349.29,309.83,20.03,49,35,0.5,1145.26,1052.24,358723511,7.58,20031,154,-10441,-9590,-10310,-9704,0,6,48
2422.78,0.13,-0.01,0,0,0.15,90.03,0.13,-0.19,0,0,-0.15,7.66,2423.75,316.36,18.45,37,35,0.45,1226.47,1029,326319732.7,7.66,18447,142,-10059,-8388,-8947,-9483,0,15,48
1632.27,0.08,0.01,0,0,-8.92,-8.89,-0.13,-0.01,0,0,0.06,6.15,1721.84,279.91,20.24,50,44,0.35,1095.56,810.03,169995997.5,6.15,20236,150,-11333,-8903,-8193,-12027,8,8,49
1618.33,0.1,0.02,0.01,-0.03,-6.4,0,-0.23,-0.44,0.02,0,0.28,5.3,1756.05,331.36,16.89,51,50,0.38,1079.74,765.97,166746213.7,5.3,16889,160,-11903,-4986,-7341,-9531,0,7,49
1701.47,0.11,0.02,0.2,0,-5.44,-20.66,0.01,-0.37,0,0.01,0.06,5.92,1849.22,312.55,15.14,50,50,0.43,1067.95,804.66,166814684.8,5.92,15136,146,-9593,-5543,-6757,-8362,7,7,49
2189.65,0.09,0,-0.13,-0.09,-1.33,-786.22,-0.09,-0.02,0.07,0,-0.28,8.59,2295.39,267.33,25.67,45,36,0.54,1181.57,857.54,1021922540,8.59,25671,160,-15266,-10405,-12480,-13174,0,7,50
2299.49,0.11,0,0.09,0,-1.78,-1646.89,-0.02,-0.05,0,0,-0.26,8,2414.2,301.74,21.38,36,38,0.53,1179.99,961.93,759483302.5,8,21381,138,-12438,-8943,-10569,-10795,0,7,50
2199.2,0.11,0,-0.3,0,-1.06,279.1,0.07,-0.01,0,0,-0.22,9.04,2290.52,253.49,20.92,45,40,0.45,1086.79,900.24,711137992.7,9.04,20917,152,-11181,-9736,-10050,-10833,7,7,50
1762.38,0.12,0.01,-0.18,0.08,-0.77,-23.19,-0.02,-0.06,0.07,0.01,0.18,5.48,1901.75,347.05,14.39,35,32,0.61,1225.92,696.02,135887241.3,5.48,14387,118,-10171,-4216,-6740,-7630,0,16,51
1722.81,0.13,0.02,0.61,0.04,-1.32,-10.92,0.09,-0.2,0.03,0.01,0.14,4.32,1875.73,434.28,13.77,34,31,0.6,1129.29,728.36,113938422.2,4.32,13773,118,-8526,-5247,-6041,-7716,0,7,51
1627.89,0.13,0.02,-0.37,-0.05,-1.2,-7.34,-0.06,-0.11,0.04,0.01,0.02,5.3,1743.38,329.02,12.11,29,29,0.59,1108.08,673.19,102807294.6,5.3,12111,111,-8565,-3546,-5885,-6210,0,8,51
1315.23,0.09,0.01,-0.06,0,-3.67,-5.19,-0.31,-0.05,0,0,-0.44,6.46,1352.85,209.54,15.36,36,41,0.49,1070.78,696.44,162141274.7,6.46,15362,134,-11149,-4213,-8130,-7216,8,8,52
206.81,0.01,-0.02,-0.08,0.03,-21.49,6.33,-0.24,8.53,0,0,-0.65,1.99,1303.05,654.72,18.69,36,35,0.52,1327.38,669.05,143907087.6,1.99,18685,144,-18468,-217,-11518,-7151,0,8,52
4.98,0,-0.02,0,0.02,-1615.68,0,-0.47,0.17,0,0,-0.29,1.74,1037.76,595.65,14.57,36,22,0.63,1217.46,690.4,97249128.83,1.74,14573,128,-14573,0,-8188,-6369,17,17,52
617.23,0.03,-0.01,-0.01,0,-40.58,123.4,-0.27,-0.84,0,0,-0.17,3.78,1640.65,433.77,17.91,57,36,0.62,1236.01,736.69,375033416.4,3.78,17914,154,-15741,-2173,-10244,-7638,15,15,53
1515.22,0.08,0,0.11,0.01,0.31,-60.49,0.14,-0.02,0.02,0,-0.39,7.69,1515.22,197.16,18.28,39,36,0.55,1182.79,593.2,322934651.1,7.69,18275,133,-17018,-1257,-9637,-8621,0,8,53
1427.9,0.08,0,0,-0.02,-1.22,0,-0.11,-0.15,0.02,0,0.04,2.5,1786.61,714.18,18.92,61,42,0.57,1113.58,660.35,356202375.9,2.5,18924,162,-15920,-3004,-11174,-7734,13,13,53
879.95,0.07,-0.02,0.02,0.04,-17.64,36.92,-1.33,27,0.03,0,-0.1,3.28,1494.07,455.12,11.82,31,22,0.56,1275.33,602.34,130282946,3.28,11822,113,-10019,-1803,-5706,-6099,7,7,54
1018.04,0.05,0,0.02,0.05,-64.88,0,-5.03,0.48,0.02,0,0.98,2.51,1956.49,779.59,19.09,29,23,0.56,1426.19,754.83,170246862.9,2.51,19085,105,-16172,-2913,-11598,-7471,34,34,54
1883.58,0.14,-0.01,-0.02,-0.34,0.59,0,0.3,-0.01,0.12,0,-0.04,4.2,1883.58,448.39,13.01,28,20,0.61,1434.74,696.78,111756265.6,4.2,13006,101,-9518,-3488,-4828,-8161,17,17,54
1113.98,0.04,0.01,0,0,-0.19,-91.5,-0.01,-0.01,0,0,-0.19,4.66,1694.94,363.72,28.33,47,31,0.5,1170.55,658.38,423887165.4,4.66,28334,167,-21619,-6715,-13349,-14968,0,7,55
1136.29,0.07,0.01,-0.15,0.13,-1.83,-78.72,0.3,-0.81,0.01,0,-0.17,4.34,1831.97,422.39,15.9,26,28,0.62,1266.84,603.22,367042199.6,4.34,15900,140,-15139,-761,-3684,-12199,7,7,55
1117.39,0.07,0.02,-0.2,0.15,0.2,-44.95,0.18,0.01,0.02,0.01,-0.2,4.07,1648.55,404.95,15.31,32,26,0.61,1113.16,516.96,255542364.6,4.07,15307,142,-15055,-252,-3679,-11612,7,7,55
899.85,0.03,0.01,-0.08,0.34,-0.12,0,0.15,-0.01,0.02,0.01,-0.39,3.37,2094.72,621.6,35.77,131,98,0.7,1051.39,565.86,1579090387,3.37,35767,213,-25768,-9999,-8745,-27005,17,17,56
735.15,0.03,0.02,-0.34,0.07,-0.19,-6.12,0.07,-0.1,0.01,0.01,-0.27,3.99,2046.09,512.74,25.69,82,55,0.69,1197.71,633.42,1020939587,3.99,25688,166,-25454,-234,-6467,-19205,7,7,56
234.98,0.01,0,-0.09,0.24,-0.22,-11.52,0.09,-0.01,0,0,-0.28,3.62,1785.48,492.85,24.98,81,44,0.68,924.2,475.67,758619285,3.62,24977,144,-21277,-3700,-6408,-18552,0,8,56
1358.6,0.07,0.01,-0.36,0.06,-6.29,-27.07,-0.02,-0.2,0.02,0,-0.45,9.6,1518.24,158.18,19.28,36,35,0.51,892.38,1155.19,120038506,9.6,19281,170,-5280,-14001,-7245,-12019,0,0,57
787.44,0.02,0.02,0,0,-1.34,0,-0.02,0.02,0,0,-0.53,1.83,1488.81,811.66,42.59,45,40,0.48,841.82,1135.84,107189947,1.83,42593,180,-3228,-39365,-7945,-34631,15,0,57
1297.88,0.08,0.01,0.4,0,-8.01,-51.79,-0.39,-0.37,0,0,-0.41,10.71,1396.12,130.3,15.4,39,40,0.49,763.42,1176.68,97907810.19,10.71,15402,176,-1697,-13705,-8085,-7307,7,0,57
2348.41,0.09,0.01,-0.04,0.49,-3.16,-30.01,-0.27,-0.19,0.06,0,-0.29,9.28,2412.35,259.93,27.2,67,80,0.53,1280.28,223.6,1114590298,9.28,27195,248,-24702,-2493,-13840,-13338,17,17,58
1168.94,0.04,0,0,-0.01,-5.32,0,-0.03,-0.02,0.02,0,-0.17,9.29,1749.91,188.39,26,78,73,0.53,892.07,162.75,778358258,9.29,25999,243,-23975,-2024,-13132,-12851,8,8,58
1927.29,0.07,0,0,0,-4.39,-15.56,0.01,0.12,0,0,-0.38,12.43,2024.84,162.86,27.03,91,74,0.52,985.07,163.88,895522926.1,12.43,27027,254,-25825,-1202,-13447,-13564,8,8,58
1748.83,0.08,0,-0.08,0,-1.35,18.55,-0.02,0.21,0.1,0,-0.05,16.24,1924.07,118.51,21.55,61,47,0.42,1001.4,154.67,615744887.1,16.24,21549,145,-20894,-655,-10598,-10918,17,17,59
1584.32,0.08,0,0.16,-0.1,-1.05,0,-0.01,-0.04,0.08,0,-0.02,12.67,1733.14,136.83,19.1,53,42,0.51,997.99,149.75,495340081.6,12.67,19104,141,-19004,-100,-9503,-9584,16,16,59
1736.65,0.1,0,0,0,-0.54,0,0.48,0.3,0,0,0.03,13.88,1974.94,142.29,17.96,37,37,0.5,1077.78,129.35,502098126.4,13.88,17962,131,-17962,0,-9807,-8138,8,8,59
1279.37,0.09,0,-0.09,0.04,-1.72,-48.87,-0.16,0.12,0.02,0,-0.08,7.93,1296.42,163.44,13.54,37,34,0.46,754.56,822.47,180499276.9,7.93,13541,128,-5846,-7695,-6212,-7312,0,0,60
1129.18,0.08,0,-0.52,0.2,-0.86,-147.86,-0.07,-0.01,0.05,0,-0.29,7.07,1146.43,162.08,13.36,30,22,0.56,718.24,912.13,146757807.9,7.07,13358,119,-4822,-8536,-6072,-7270,17,0,60
1220.4,0.09,0,0,0,0.57,-147.67,0.08,0.45,0,0,-0.18,7.3,1224.98,167.83,12.9,44,31,0.56,711.65,864.93,178472717.9,7.3,12904,146,-4934,-7970,-6467,-6421,7,0,60
1834.7,0.12,0,0.01,-0.17,-1.71,-134.1,-0.2,-0.21,0.07,0,-0.1,8.64,1856.04,214.8,15.66,43,25,0.45,1055.52,318.26,324443116.9,8.64,15661,126,-13843,-1818,-7196,-8448,7,7,61
1502.71,0.08,0.01,-0.04,0.36,-14.18,0.88,-1.2,7.04,0.07,0,-0.14,6.85,2120.65,309.58,18.65,60,39,0.52,1241.5,328.06,368409593.3,6.85,18645,155,-17160,-1485,-7933,-10695,17,17,61
1344.33,0.08,-0.01,0.02,-0.21,-22.91,62.59,-0.26,0.92,0.03,0,-0.08,3.42,2169.67,634.76,17.51,49,41,0.54,1200.75,384.14,431306666.2,3.42,17508,143,-15289,-2219,-8340,-9152,7,7,61
1651.47,0.06,0,0,0,-1.78,-22.18,-0.02,-0.11,0,0,-0.04,4.3,1727.69,402.19,29.15,99,55,0.76,963.34,181.63,477647469.9,4.3,29149,224,-27216,-1933,-16555,-12577,0,7,62
1708.49,0.06,0.01,0,0,-1.63,-5.72,-0.05,-0.03,0,0,-0.03,4.15,1789.77,430.92,27.49,93,73,0.77,973.38,182.39,698369267.9,4.15,27485,242,-24724,-2761,-12569,-14908,0,8,62
1594.94,0.05,0,-0.01,-0.11,-1.66,-8.06,0.14,0.14,0.03,0,0.07,6.1,1668.53,273.66,32.81,88,71,0.72,902.78,145.43,529901763.1,6.1,32812,240,-32579,-233,-17016,-15780,0,9,62
378.36,0.02,0,-0.21,0,-2.12,0,-0.03,-0.01,0.01,0,0.03,4.32,956.97,221.62,22.24,23,23,0.58,755.36,295.13,25325807.79,4.32,22242,69,-22018,-224,-18704,-3522,0,7,63
1152.96,0.18,0.02,0.12,0.05,-1.2,-9.08,0.11,-0.22,0.07,0.01,-0.17,3.62,1214.36,335.46,6.48,22,20,0.63,1007.76,626.44,36666662.93,3.62,6475,75,-5462,-1013,-3106,-3353,8,8,63
1252.95,0.18,0.03,0,0.01,-0.81,0,0.53,0.48,0.04,0,-0.14,2.79,1289.21,462.45,7.09,27,24,0.62,1011.65,642.91,40357702.46,2.79,7091,83,-6136,-955,-3593,-3481,8,8,63
559.94,0.05,-0.07,0,0,-11.13,0,0.11,-0.32,0,0,-0.02,1.28,1291.55,1012.13,10.54,40,38,0.44,1110.65,562.15,80594066.83,1.28,10543,126,-10117,-426,-6389,-4117,8,8,64
797.45,0.08,-0.03,0.02,-0.02,-7.22,0,-0.14,8.1,0.03,0,-0.05,2.37,1254.22,530.01,10.54,42,33,0.47,1635.31,654.36,57144971.54,2.37,10538,131,-10538,0,-4978,-5544,13,13,64
670.28,0.07,-0.03,-0.02,0.23,-10.71,0,0.31,-0.24,0.04,0,-0.06,2.32,1135.42,489.06,9.48,31,33,0.43,1655.98,582.96,44024967.21,2.32,9480,123,-9480,0,-3987,-5476,0,8,64
-657.6,-0.07,-0.04,0,0,23.4,12.54,-0.51,-0.39,0,0,-0.5,2.37,1187.68,501.14,8.93,46,23,0.53,444.98,773.63,39573046.77,2.37,8933,95,-1020,-7913,-4517,-4383,0,0,65
-668.78,-0.08,-0.02,0.01,0.13,14.52,0,0.03,0.1,-0.03,0,0.03,3.88,1395.24,359.26,8.6,25,16,0.5,584.36,584.84,33619097.49,3.88,8599,77,-4024,-4575,-4624,-3958,6,0,65
877.91,0.08,0.05,-0.01,0.07,-12.02,0,-0.05,0.19,0.03,0,0.05,2.74,1956.75,714.53,10.88,34,19,0.55,763.03,648.48,35722988.22,2.74,10879,79,-7771,-3108,-6718,-4144,12,0,65
417.89,0.02,-0.04,-0.08,0.08,-9.94,0,0.14,-0.46,0.01,-0.01,-0.34,1.42,1248.47,881.14,17.56,52,32,0.49,1053.12,600.47,184549622.9,1.42,17564,144,-16437,-1127,-10532,-7015,0,16,66
638.25,0.05,-0.01,-0.01,0.08,-12.91,22.54,0.13,0.35,0.02,0,-0.83,3.08,1293.89,420.69,13.13,30,20,0.61,1056.66,673.04,128447760.3,3.08,13128,117,-10334,-2794,-6985,-6126,0,34,66
1454.99,0.12,0.01,0.01,0.01,-1.67,-9.51,0.27,-0.01,0.04,0,-0.11,3.02,1902.27,628.98,11.74,24,18,0.63,1230.85,681.49,143703083.3,3.02,11737,96,-10244,-1493,-5502,-6218,0,17,66
1832.85,0.08,0,-0.34,0.12,0.06,0,0.01,-0.07,0.02,0,-0.22,9.44,1832.85,194.24,21.61,73,53,0.47,955.23,216.46,547031244.5,9.44,21607,192,-19571,-2036,-9990,-11600,8,8,67
1492.83,0.07,0,-0.01,0.02,-0.62,0,0.1,0.08,0.03,0,-0.08,2.86,1653.13,578.79,22.73,59,49,0.5,939.39,185.85,372082452.4,2.86,22731,183,-22338,-393,-8882,-13832,7,7,67
784.98,0.04,-0.01,0,0,-15.02,0,-0.67,20.25,0.03,0,-0.11,2.55,1366.3,535.7,20.23,70,52,0.52,744.22,167.04,330298509.6,2.55,20227,197,-18859,-1368,-8834,-10739,0,7,67
1190.46,0.03,-0.01,0,-0.06,-9.77,0,-0.02,9.9,0,0,-0.27,2.48,2337.4,941.78,36.57,42,34,0.62,1298.88,756.06,261374351.6,2.48,36568,140,-22699,-13869,-18518,-18033,7,7,68
2138.77,0.17,0.02,0,0,-1.5,-8.67,-0.01,-0.18,0,0,-0.53,5.99,2271.22,379.31,12.25,28,25,0.63,1112.43,689.48,230146352.5,5.99,12254,125,-7562,-4692,-6431,-5806,0,7,68
2060.42,0.11,0.01,-0.29,0.5,-2.6,-22.13,0.2,-0.22,0.02,0,-0.59,5.6,2194.62,391.69,18.63,27,27,0.59,1085.02,662.14,219490239.9,5.6,18629,126,-6903,-11726,-6013,-12599,0,7,68
-203.03,-0.01,-0.01,0.01,-0.02,44.89,0,0.54,0.3,0,0,0,3.81,2106.4,552.35,32.57,103,70,0.49,955.97,625.5,396724900.4,3.81,32573,225,-21632,-10941,-16787,-15770,25,25,69
281.43,0.01,0,0,0,-86.93,0,-1.17,54,0,0,-0.03,4.29,1362.89,317.56,21.14,82,55,0.58,956.69,620.25,294893533.8,4.29,21141,198,-15304,-5837,-10960,-9820,0,8,69
1315.52,0.06,0.01,0,0.01,-0.91,0,-0.06,-0.19,0.01,0,-0.01,4.16,2039.08,489.89,21.43,114,72,0.59,948.68,599.7,354473056.4,4.16,21425,197,-15824,-5601,-10460,-10952,2,2,69
1922.8,0.12,0.01,-0.18,-0.18,-3.64,-37.99,-0.43,-0.21,0.06,0,-0.47,6.31,2350.36,372.59,16.28,32,24,0.67,1230.29,899.18,565401972.7,6.31,16283,126,-9790,-6493,-8679,-7588,0,17,70
1988,0.11,0,-0.1,-0.15,-0.97,173.58,-0.11,-0.16,0.04,0,-0.48,6.36,2302.51,361.77,17.31,33,26,0.67,1173.39,918.23,498634474.3,6.36,17310,136,-8528,-8782,-8528,-8765,0,17,70
2006.33,0.12,0,0.03,0.09,-2.88,-284.22,-0.35,-0.29,0.06,0,-0.53,6.18,2293.44,370.93,16.66,37,19,0.71,1302.85,798.33,593658803.1,6.18,16662,134,-11422,-5240,-8074,-8572,0,7,70
1882.36,0.2,-0.02,0.53,-0.07,-0.43,58.28,-0.09,-0.14,0.02,0,-0.58,6.07,1887.13,311.09,9.36,36,38,0.52,1029.49,349.23,90562485.66,6.07,9360,110,-7445,-1915,-4128,-5215,7,7,71
1631.2,0.2,-0.01,0,-0.05,-0.95,125.59,-0.19,-0.11,0.09,0,-0.57,5.09,1634.51,321.13,7.96,38,35,0.55,1056.38,629.22,67984440.75,5.09,7963,117,-5378,-2585,-4136,-3684,0,17,71
1743.57,0.23,-0.02,-0.01,0,0.25,54.23,0.06,-0.02,0,0,-0.52,6.46,1745.03,270.26,7.69,38,34,0.55,1160.9,680.16,63454147.4,6.46,7688,115,-6826,-862,-3583,-4088,8,8,71
1175.38,0.13,0.01,-0.07,-0.1,-1.26,-58.32,0.13,-0.14,0.04,0,-0.48,6.15,1366.11,222.01,9.25,22,22,0.38,1027.6,994,76206447.28,6.15,9247,92,-5013,-4234,-5040,-4146,7,0,72
1240.77,0.15,0,0,0,-0.63,107.29,0.1,0.01,0,0,-0.58,8.71,1404.12,161.2,8.17,22,20,0.42,1165.24,1054.51,66004589.6,8.71,8165,96,-4955,-3210,-4357,-3792,8,15,72
1329.66,0.16,0,0.23,0.05,-1.33,543.76,0.3,-0.63,0.03,0,-0.28,10.38,1507.81,145.31,8.21,15,18,0.45,1109.22,1091.48,72520166.92,10.38,8211,86,-4331,-3880,-3669,-4525,8,0,72
1080.55,0.04,0,-0.25,0.09,-1.83,0,-0.07,-0.02,0.01,0,-0.55,5.33,2074.45,389.35,25.4,23,21,0.63,1162.54,587.85,306885381.3,5.33,25395,117,-21976,-3419,-7243,-18135,7,7,73
1908.38,0.14,0.01,0.28,0.07,-1.62,-7.33,-0.04,-0.05,0.04,0,-0.5,5.68,2057.49,362.06,13.91,13,14,0.65,1202.87,568,244939221.7,5.68,13907,98,-11300,-2607,-7689,-6202,0,17,73
2064.7,0.17,0.01,0.29,0,-1.47,-24,-0.04,-0.27,0.02,0,-0.47,4.65,2202.9,473.56,12.26,20,15,0.69,1311.5,550.59,269258794.3,4.65,12258,105,-9951,-2307,-6161,-6080,0,8,73
1737.43,0.13,0.01,-0.03,0,-0.86,0,0.08,0.06,0.07,0,-0.09,8.97,1823.2,203.3,13.56,27,23,0.63,1157.48,630.24,192725561.6,8.97,13560,119,-10619,-2941,-6495,-6363,7,7,74
1847.46,0.15,0.01,-0.31,-0.28,-1.07,-36.65,0.09,0.08,0.1,0,-0.13,7.82,1891.61,241.8,12.57,31,31,0.63,1039.09,595.81,216514879.5,7.82,12574,132,-10047,-2527,-5565,-6992,7,7,74
2021.43,0.17,0.02,0.23,-0.03,-2.17,-18.04,0.03,-0.07,0.02,0,-0.04,6.52,2129.52,326.49,11.73,25,25,0.65,1154.06,613.2,212091650.3,6.52,11734,118,-8978,-2756,-5736,-5982,7,7,74
391.81,0.02,-0.01,0.03,0.11,-43.24,34.03,0.24,0.53,0.02,0,0.19,2.89,1289.6,445.7,17.82,68,52,0.53,754.54,391.64,298159471.3,2.89,17816,152,-12921,-4895,-9218,-8581,8,8,75
1096.14,0.06,0.01,0,0,-0.56,0,-0.01,0.01,0,0,0.28,10.6,1098.38,103.6,17.12,72,54,0.64,621.47,363.31,255561553.4,10.6,17115,169,-11293,-5822,-8581,-8481,0,7,75
64.28,0,0,0.02,0.02,-1097.53,471.39,-0.24,-0.54,0,0,0.99,5.22,1102.77,211.28,14.75,61,49,0.66,660.79,345.58,200347190.7,5.22,14748,162,-11477,-3271,-8145,-6587,8,8,75
1315.23,0.08,0.01,0,0,-0.05,-54.88,0.04,-0.04,0.04,0,-0.63,8.01,1330.83,166.07,15.64,45,39,0.48,826.74,196.46,152143958.5,8.01,15640,149,-15000,-640,-8819,-6787,8,8,76
1354.12,0.12,0.01,-0.29,0.07,-1.42,-23.11,-0.18,-0.16,0.03,0,-0.54,9.82,1360.36,138.49,10.98,31,30,0.55,713.64,129.24,114918039.2,9.82,10983,134,-10784,-199,-5678,-5289,8,8,76
1364.45,0.13,0,0.08,0,0.43,-105.48,0.19,-0.14,0,0,-0.74,8.05,1364.45,169.48,10.32,27,23,0.52,770.67,164.89,101583560.5,8.05,10321,126,-10321,0,-5129,-5026,0,7,76
2270.74,0.17,0,-0.24,0,-0.76,-225.5,-0.13,-0.32,0,0,0.02,7.07,2327.17,329.12,13.48,31,35,0.54,1381.01,652.69,181776703.3,7.07,13479,111,-9800,-3679,-6071,-7391,0,8,77
211.1,0.01,0.01,-0.02,-0.02,0.17,-74.46,0.18,-0.14,0,0,-0.2,4.12,2288.08,555.42,26.7,28,33,0.53,1317.8,764.14,154323664.3,4.12,26699,101,-23337,-3362,-19971,-6711,0,7,77
2242.67,0.19,0,-0.03,0.16,0.48,-471.24,0.15,-0.2,0.06,0,-0.09,6.88,2303.09,334.68,11.68,31,29,0.53,1306.37,817.09,142819481.1,6.88,11681,104,-8301,-3380,-5867,-5798,7,7,77
1030.35,0.07,0.01,-0.01,0.07,-2.1,-2.76,0.02,0.04,0.03,0,-0.05,6.82,1249.05,183.09,14.1,42,32,0.29,802.21,1088.29,80173230.44,6.82,14101,135,-4690,-9411,-8375,-5709,0,0,78
187.81,0.01,0.01,0,0,-35.33,0,0.36,0.26,0,0,-0.13,4.16,1202.37,289.17,15.82,41,41,0.42,995.97,1109.15,134014694.7,4.16,15822,120,-8421,-7401,-10331,-5475,8,0,78
386.16,0.03,0.01,0,0,-33,-32.79,0.35,-0.3,0,0,-0.05,6.62,1604.74,242.35,12.41,43,30,0.52,998.52,1098.06,100427024.2,6.62,12409,126,-6386,-6023,-7977,-4399,8,0,78
1569.31,0.06,0,-0.11,-0.02,-1.68,-39.88,-0.11,-0.12,0.06,0,0.1,9.21,1625.55,176.4,24.81,100,71,0.43,1191.53,1147.64,561688772.8,9.21,24809,203,-12542,-12267,-12791,-12001,0,17,79
1353.83,0.07,0,0.15,0.24,-0.93,0,-0.01,-0.04,0.06,0,0.09,9.11,1401.78,153.89,20.2,81,66,0.41,961.73,1130.14,342712396.2,9.11,20200,183,-7486,-12714,-10414,-9770,0,0,79
1330.05,0.07,0,0.03,0,-2.89,-230.3,-0.21,-0.37,0.08,0,0.18,11.45,1387.45,121.14,18.19,70,52,0.42,1070.97,1162.43,265879158.2,11.45,18185,166,-7827,-10358,-9344,-8791,0,0,79
2003.69,0.23,0,0.48,0.17,0.18,-827.21,0.04,0.48,0.07,0,-0.86,6.99,2007.79,287.21,8.61,17,19,0.32,1388.24,566.87,100575586.4,6.99,8614,84,-8490,-124,-4392,-4205,16,16,80
2243.25,0.26,-0.01,0.35,-0.2,0.79,108.7,0.33,0.29,0.04,0,-0.79,5.97,2251.73,376.88,8.71,20,23,0.32,1357.41,636.78,116431865,5.97,8706,79,-8397,-309,-4644,-4046,7,7,80
2181.27,0.3,-0.01,0,0,0.8,172.95,1.29,0.14,0.06,0,-0.84,4.84,2181.27,450.46,7.18,16,13,0.34,1191.12,646.92,70980128.15,4.84,7178,69,-6263,-915,-3885,-2897,16,16,80
992.83,0.04,0.01,-0.29,-0.09,-2.01,0,-0.09,0.02,0.01,0,0.03,4.44,1902.43,428.24,24.21,43,38,0.52,1091.06,538.37,409610490.6,4.44,24212,181,-21688,-2524,-9603,-14592,7,7,81
2239.06,0.12,0,0,0,-2.4,279.44,-0.3,0.18,0,0,-0.07,8.78,2375.21,270.65,17.93,43,32,0.67,1224.96,599.15,484482772.4,8.78,17927,189,-13780,-4147,-8243,-9398,0,7,81
2337.3,0.14,0,0,0,-4.23,227.3,-0.58,0.34,0,0,-0.29,7.9,2447.34,309.73,17.13,49,26,0.71,1242.23,590.02,487652163.2,7.9,17133,189,-13200,-3933,-9097,-8026,15,22,81
633.4,0.05,0.03,-0.14,0,-6.04,-7.61,-0.28,-0.2,0,0.01,0.48,1.51,792.75,525.7,13.63,34,35,0.45,497.23,486.31,114826613.1,1.51,13626,136,-4562,-9064,-7620,-5989,0,0,82
1566.58,0.13,0,-0.19,-0.17,-0.18,-3073.38,-0.02,-0.12,0.13,0,0.19,12.24,1747.86,142.78,12.14,40,31,0.49,1154.82,250.23,195686796,12.24,12139,129,-12139,0,-6245,-5877,0,13,82
1593.09,0.13,-0.01,0.34,0.24,-1.12,24.49,-0.15,-0.19,0.12,0,0.11,8.11,1726.03,212.95,11.8,37,22,0.48,1143.02,241.29,190764057.7,8.11,11801,119,-11683,-118,-6101,-5666,16,16,82
1352.85,0.05,0.03,0,0,-0.74,-0.23,0.01,0.09,0,0,-0.16,2.73,2176.1,797.42,25.95,79,40,0.54,997.15,647.86,1123368872,2.73,25952,193,-19048,-6904,-5634,-20284,7,15,83
693.43,0.03,0.02,-0.41,0,-3.03,-4.95,-0.09,-0.11,0,0.01,-0.23,2.7,2240.62,828.99,23.15,75,34,0.63,1034.86,540.73,978976862.8,2.7,23149,183,-18600,-4549,-5642,-17490,0,8,83
862.53,0.04,0.03,0.12,0.11,-8.86,-6.69,-0.32,-0.17,0.02,0.01,-0.2,3.35,2401.24,716.62,23.68,77,33,0.64,962.41,570.68,1000922774,3.35,23684,200,-15371,-8313,-5708,-17959,0,7,83
2180.88,0.16,0.01,0,0,-0.02,-19.52,0.02,-0.19,0,0,-0.23,8.73,2200.18,251.93,13.81,40,37,0.63,1505.41,540.76,304985286.8,8.73,13813,137,-12676,-1137,-6806,-6990,0,8,84
822.37,0.05,-0.02,0,-0.01,-7.21,0,-0.36,8.76,0.03,0,-0.16,2.48,1657.12,668.68,15.11,55,36,0.67,1076.24,470.26,183408759.9,2.48,15109,148,-13059,-2050,-8137,-6939,0,6,84
1701.66,0.13,0.01,0,0.02,-0.8,-27.13,0.01,-0.31,0.08,0,-0.19,6.86,1721.35,250.96,13.15,42,35,0.72,1190.02,523.19,198940648.8,6.86,13153,152,-11554,-1599,-6388,-6748,0,7,84
1573.41,0.15,0.02,-0.14,0.36,-0.34,-1.71,0.04,-0.01,0.06,0.01,-0.57,7.54,1609.37,213.44,10.6,21,21,0.63,1015.67,424.4,116392298.5,7.54,10598,100,-8714,-1884,-5023,-5558,0,7,85
1701.76,0.17,0.02,0.43,0.03,-0.32,-5.59,-0.04,-0.11,0.06,0.01,-0.54,6.94,1729.83,249.11,9.89,18,17,0.64,1238.26,397.3,124493222.8,6.94,9892,102,-9892,0,-5013,-4862,0,8,85
1672.33,0.16,0.01,0.12,-0.28,-0.28,-3.1,-0.01,0.08,0.05,0.01,-0.6,7.44,1698.74,228.45,10.49,23,17,0.66,1188.5,402.46,123408508.7,7.44,10492,106,-9288,-1204,-5186,-5290,0,7,85
1055.11,0.09,0.01,0,0,-2.19,-7.29,0.2,0.07,0,0,-0.71,5.77,1099.06,190.34,12.31,41,30,0.61,1204.55,448.39,130949841.9,5.77,12312,131,-12312,0,-5982,-6314,0,8,86
967.39,0.07,0,-0.05,0.27,-4.42,0,0.32,-0.33,0.05,0,-0.3,3.13,1031.82,329.38,13.63,43,34,0.61,1222.18,507.57,108639757.4,3.13,13632,136,-13632,0,-5039,-8576,17,17,86
1165.33,0.1,-0.01,-0.02,0.16,-43.6,0,-12.6,-9.46,0.04,0,0.01,4.61,1383.07,300.32,11.16,32,28,0.58,1095.46,497.84,77645294.25,4.61,11155,123,-10516,-639,-5011,-6127,0,5,86
1229.37,0.03,0,0,0,-0.12,1.43,0.06,0.06,0,0,-0.04,1.82,1334.14,733.83,38.74,129,143,0.4,809.01,435.43,852090288.2,1.82,38740,239,-28208,-10532,-20042,-17867,0,7,87
1237.56,0.05,0,-0.06,0.19,-2,1.91,-0.09,0.01,0.06,0,-0.2,13.18,1252.37,95.02,27.18,124,85,0.5,762.7,443.58,554636162.9,13.18,27175,217,-21311,-5864,-14547,-12611,8,8,87
610.66,0.03,-0.02,-0.01,-0.08,-22.58,26.55,-0.61,8.2,0.02,0,-0.13,1.51,1087.37,720.6,23.24,78,74,0.48,694.33,424.93,303493208.8,1.51,23242,176,-18532,-4710,-13966,-9013,7,7,87
455.38,0.03,-0.04,0.01,0.05,-52.04,33.94,-1.73,20.25,0.01,0,-0.2,1.38,1316.3,953.67,13.99,45,39,0.5,905.46,390.5,129085777.3,1.38,13994,163,-13994,0,-6855,-7123,0,7,88
404.82,0.02,-0.02,0,-0.03,-10.77,6.62,0.09,0.12,0,0,-0.04,1.18,1068.95,905.4,25.56,57,47,0.5,892.33,311.24,152909531.9,1.18,25564,179,-25564,0,-12184,-13363,7,7,88
573.02,0.04,-0.05,-0.01,0.06,-7.65,7.11,-0.31,9.48,0.01,0,-0.41,1.33,1170.31,878.48,14.42,47,37,0.51,1028.83,260.64,130450466.2,1.33,14422,161,-14422,0,-8033,-6372,7,7,88
500.93,0.02,-0.02,-0.01,0.14,-18.19,0,-0.39,0.49,0.01,0,-0.12,1.98,1644.75,831.82,23.94,82,53,0.43,1229.86,560.62,328338629.4,1.98,23938,193,-22510,-1428,-12192,-11729,8,8,89
1975.43,0.1,0,-0.08,0.07,-2.28,-351.64,-0.07,-0.22,0.03,0,-0.25,7.11,2013.64,283.32,18.97,59,46,0.57,1216.13,384,438780223.3,7.11,18968,179,-17840,-1128,-9217,-9735,8,8,89
1361.71,0.05,-0.01,-0.08,0.11,-92.45,0,-25.64,6,0.02,0,-0.42,2.43,2130.63,878.27,25.01,88,73,0.54,1033.65,427.68,577638074.8,2.43,25006,234,-21884,-3122,-9097,-15892,0,17,89
245.25,0.02,-0.07,0,-0.03,-71.65,23.04,-1.49,20.25,0.01,0,-0.25,1.21,1206.17,994.65,11.99,33,40,0.48,754.31,502.34,109223391.4,1.21,11989,129,-8751,-3238,-6615,-5358,0,8,90
1063.88,0.11,0,0.01,0,-1.01,-189.1,-0.01,0.19,0,0,-0.76,7.37,1308.6,177.47,9.98,21,18,0.59,894.44,578.21,99675688.15,7.37,9983,102,-7419,-2564,-4753,-5197,7,7,90
1023.14,0.06,0,0.03,-0.17,-4.7,-85.33,-0.27,0.48,0.02,0,-0.52,5.44,1345.25,247.37,17.51,16,27,0.59,929.43,513.12,117039809.6,5.44,17513,106,-15075,-2438,-12409,-5088,0,17,90
733.98,0.04,0.01,-0.01,0.13,-20.62,0,-0.35,-0.12,0.01,0,-0.01,4.25,2115.02,497.5,17.84,35,26,0.66,923.58,435.9,206476058.2,4.25,17835,132,-15332,-2503,-8755,-9063,17,17,91
1283.85,0.08,0.01,-0.02,0.01,-0.14,0,0.07,0.41,0.01,0,0.16,3.6,2023.08,561.48,15.24,25,19,0.71,856.19,456.79,136315656.4,3.6,15242,106,-12836,-2406,-8160,-7065,4,4,91
1312.02,0.11,0.02,0.11,0,-0.55,-7.2,-0.06,0.1,0,0,-0.08,3.24,1320.3,408,11.85,35,15,0.75,881.18,559.07,147283977,3.24,11848,114,-8667,-3181,-6418,-5413,8,8,91
1554.99,0.09,0.01,0.17,0,-1.65,-11.51,-0.06,-0.12,0,0,-0.35,7.69,1646.01,214.02,17.03,40,35,0.55,968.92,240.05,391238680.7,7.69,17029,136,-15758,-1271,-8740,-8273,0,7,92
1662.09,0.1,0.01,0.26,0.1,-2.28,-6.47,0.09,0.06,0.07,0.01,-0.36,11.76,1771.35,150.58,16.21,43,40,0.56,983.25,178.77,374216547.6,11.76,16210,142,-15424,-786,-8287,-7874,0,7,92
1419.71,0.09,0.01,-0.03,0.07,-1.81,0,-0.06,-0.02,0.06,0,-0.24,9.79,1497.78,152.91,16.69,63,51,0.58,872.86,190.88,325955586.1,9.79,16692,166,-16292,-400,-8315,-8361,0,8,92
1478.82,0.11,-0.02,0,0.02,-4.5,0,32.77,37.07,0,0,0.46,1.49,1972.12,1324.25,14,46,49,0.74,853.66,213.69,303098054.5,1.49,14000,138,-12311,-1689,-7542,-5985,32,0,93
1299.38,0.09,-0.07,0,0.14,-10.95,25.35,-1.07,8.53,0.02,0,-0.12,1.48,2014.9,1363.48,13.7,35,27,0.73,1058.55,227.55,283168772.7,1.48,13703,135,-12490,-1213,-6874,-6812,0,7,93
1219.62,0.07,-0.06,-0.01,0,-11.06,29.43,1.35,-1.62,0.02,0,-0.44,1.6,2178.39,1359.87,16.33,30,42,0.7,1079.78,222.47,261767099.1,1.6,16330,122,-16330,0,-6095,-10218,7,7,93
266.51,0.02,0.01,-0.12,0.48,-9.61,0,-0.15,7.71,0.02,0,-0.1,2.89,750.15,259.87,17.1,22,14,0.69,591.02,310.78,22604226.43,2.89,17102,54,-16118,-984,-13382,-3703,0,17,94
277.99,0.05,0.04,0,0.39,-15.88,0.7,0.33,7.48,0.05,0,0.03,2.17,763.8,351.49,6.01,13,16,0.71,633.03,335.38,15452426.77,2.17,6006,54,-5608,-398,-3581,-2408,17,17,94
-195.61,-0.03,0.01,-0.02,0.3,38.6,0,-1.27,10.8,-0.03,0,0.04,5.31,967.2,182.06,6.32,15,14,0.73,610.81,399.5,17386135.16,5.31,6315,51,-5016,-1299,-3784,-2514,17,17,94
1505.02,0.05,-0.01,0.07,0.31,-38.65,127.02,-1.96,6.23,0.03,0,0.07,3.03,2196.28,724.71,31.93,62,43,0.57,1201.7,296.15,869690667.7,3.03,31934,219,-20376,-11558,-11092,-20816,0,17,95
1505.02,0.05,-0.01,0.07,0.31,-38.65,127.02,-1.96,6.23,0.03,0,0.07,3.03,2196.28,724.71,31.93,62,43,0.57,1201.7,296.15,869690667.7,3.03,31934,219,-20376,-11558,-11092,-20816,0,17,95
1505.02,0.05,-0.01,0.07,0.31,-38.65,127.02,-1.96,6.23,0.03,0,0.07,3.03,2196.28,724.71,31.93,62,43,0.57,1201.7,296.15,869690667.7,3.03,31934,219,-20376,-11558,-11092,-20816,0,17,95
139.59,0.02,-0.04,0,0.02,-99.04,34.61,0.47,-0.74,0,0,0.12,1.91,1075.09,561.97,9.1,21,25,0.57,847.39,610.76,47106688.48,1.91,9096,82,-6150,-2946,-5100,-3979,0,7,96
509.73,0.07,-0.01,0,0.12,-74.77,27.26,-5.17,54,0.03,0,0,4.13,1016.81,246.13,7.6,29,32,0.66,950.32,618.51,46746231.38,4.13,7598,84,-5757,-1841,-3685,-3897,0,17,96
904.83,0.11,0,-0.34,0.35,0.82,134.75,0.15,-0.09,0.08,0,0.09,6.24,1021.19,163.73,8.19,21,22,0.63,928.44,586.81,39190782,6.24,8188,77,-6739,-1449,-3783,-4388,0,17,96
76.12,0,-0.02,-1.33,-0.05,-26.51,35.06,0.01,0.1,0,-0.01,0.14,5.28,1949.31,369.18,15.88,37,39,0.62,1134.71,724.47,230481063.4,5.28,15880,126,-11427,-4453,-9043,-6820,0,17,97
76.12,0,-0.02,-1.33,-0.05,-26.51,35.06,0.01,0.1,0,-0.01,0.14,5.28,1949.31,369.18,15.88,37,39,0.62,1134.71,724.47,230481063.4,5.28,15880,126,-11427,-4453,-9043,-6820,0,17,97
1862.96,0.17,0.01,0.12,0.14,-1.15,-194.11,0.11,0.17,0.07,0,0.13,5.1,1953.21,383.31,10.88,30,25,0.64,1164.51,804.32,149080405.1,5.1,10878,96,-7257,-3621,-5608,-5253,17,17,97
1273.13,0.18,0.01,0.11,-0.24,-0.64,-24.46,0.01,0.02,0.11,0.01,-0.48,5.49,1302.95,237.51,6.95,12,10,0.62,1472.44,811.1,64055074.89,5.49,6949,69,-6949,0,-3635,-3297,0,8,98
1148.96,0.07,0.01,0,0.37,-3.5,-17.7,-0.01,0.27,0.06,0,-0.11,5.42,1185.8,218.8,16.93,15,9,0.66,1197.16,747.88,68557131.88,5.42,16933,70,-7294,-9639,-4761,-12155,0,17,98
966.13,0.13,0.01,-0.19,0.47,-0.78,-38.01,-0.1,0.03,0.15,0,-0.1,5.42,977.04,180.4,7.38,22,11,0.68,1257.33,658.3,54578467.12,5.42,7384,76,-7384,0,-3632,-3735,0,17,98
1121.87,0.07,0.01,-0.2,-0.6,-3.81,-55.01,0.12,-0.67,0.05,0,-0.61,4.88,1165.92,239.07,16.98,41,42,0.56,1139.57,670.36,110952527.7,4.88,16977,166,-13451,-3526,-7955,-9009,0,7,99
992.54,0.04,0.01,0.57,-0.21,-8.8,-141.14,0.28,-0.82,0.03,0,-0.6,2.85,1073.63,376.7,22.97,47,41,0.53,1014.91,647.33,102770942,2.85,22973,173,-14605,-8368,-7280,-15676,7,7,99
1008.62,0.07,0.01,0.1,-0.23,-8.08,0,0.22,-0.76,0.02,0,-0.6,4.83,1098.48,227.57,15.43,44,47,0.54,1085.43,664.8,106482305.5,4.83,15431,172,-12427,-3004,-7176,-8238,0,7,99
1874.85,0.09,-0.01,0.01,-0.08,-0.05,0,0.09,-0.04,0.1,0,-0.04,11.91,2184.58,183.42,21.96,61,33,0.5,1322.56,754.14,1011029605,11.91,21957,168,-17592,-4365,-10895,-11045,7,7,100
2034.49,0.09,0,0.45,0.14,-1.69,269.64,-0.16,-0.15,0.12,0,0.28,9.34,2036.73,218.02,21.49,32,26,0.51,1216.49,776.68,864633732.8,9.34,21492,145,-16562,-4930,-11499,-9977,17,17,100
1709.66,0.09,-0.01,0.5,0.01,-1.47,77.07,-0.13,-0.09,0.1,0,0.09,10.04,1993.56,198.62,19.2,39,20,0.6,1220.99,832.69,729430046.2,10.04,19200,153,-14190,-5010,-10075,-9108,16,16,100
1569.21,0.09,-0.01,0,0.02,-1.4,0,0,0.03,0.04,0,-0.5,6.52,1784.02,273.47,17.9,41,29,0.66,871.89,722.57,365732480.8,6.52,17903,190,-9418,-8485,-8469,-9417,0,16,101
1610.73,0.1,-0.01,0,0,-3.14,24.83,-0.06,0.11,0,0,0.94,2.14,2057.37,961.46,15.61,31,30,0.69,903.35,747.91,331306551.4,2.14,15608,170,-9154,-6454,-8039,-7552,7,7,101
1780.31,0.11,-0.01,0,0,-3.88,0,-0.36,-0.07,0,0,0.96,2.01,1987.52,987.86,15.66,38,28,0.7,1003.84,770.49,368876636.4,2.01,15664,164,-9130,-6534,-7585,-8062,112,0,101
1520.97,0.01,0,0,0,-77.47,0,-0.36,-0.07,0,0,0.96,1.73,1987.52,1148.09,27.26,42,30,0.7,1008.24,767.93,375099739.3,1.73,267255,166,-260588,-6667,-259143,-8096,112,0,102
613.13,0.04,-0.02,-0.08,0.14,0.19,82.92,0.6,-0.13,0.01,0,-0.64,5.01,2113.44,421.81,17.16,22,21,0.42,1284.43,790.96,328426779.8,5.01,17157,119,-12068,-5089,-6330,-10810,7,7,102
2008.08,0.15,-0.01,-0.34,0.14,0.23,155.88,0.11,-0.62,0.04,0,-0.63,5.71,2008.08,351.93,13.75,22,19,0.34,1228.65,686.57,264609002.6,5.71,13746,108,-10126,-3620,-6191,-7539,7,7,102
-550.7,-0.02,0.01,0.01,0,26.18,0,0.12,0.11,0,0,0,3.91,1509.08,386.1,25.14,71,42,0.38,779,238.95,449010528.7,3.91,25143,168,-21860,-3283,-12354,-12772,8,8,103
26.36,0,0.01,0,-0.4,-467.48,0,0.26,81,0,0,0,3.91,669.94,171.28,8.6,31,24,0.48,412.09,273.33,37742160.16,3.91,8595,70,-5773,-2822,-4306,-4273,17,17,103
33.86,0,0.01,0.02,0.04,-422.79,0,-2.21,23.14,0.01,0,0,3.35,680.47,203.05,7.09,22,12,0.48,488.39,336.84,27053220.51,3.35,7085,50,-4725,-2360,-3816,-3252,17,17,103
1618.53,0.08,0,0,0,0.17,0,0.03,-0.03,0,0,-0.12,11.39,1631,143.17,21.47,75,49,0.68,1040.39,200.24,577635375.1,11.39,21466,164,-21466,0,-10764,-10685,0,15,104
1717.06,0.09,0.01,0.4,0.2,-0.57,-10.84,-0.05,-0.1,0.12,0.01,-0.09,8.71,1736.36,199.4,18.1,56,37,0.64,1107.3,213.51,428115020.8,8.71,18104,155,-18104,0,-8173,-9915,17,17,104
1810.62,0.1,0.01,0.43,-0.25,-0.67,0.16,-0.07,0.1,0.11,0.01,-0.12,7.77,1833.72,236.15,17.9,39,30,0.65,1217.94,240.77,385831511.3,7.77,17896,137,-17896,0,-7492,-10388,17,17,104
1423.41,0.1,0.01,0.54,-0.05,-2.37,-6.04,-0.23,-0.06,0.03,0,-0.42,6.27,1461.72,233.03,14.83,65,47,0.38,1003.59,238.54,197517519.9,6.27,14829,173,-14829,0,-6691,-8121,7,7,105
1445.15,0.12,0.01,-0.31,0.12,-2.39,-84.26,-0.28,-0.21,0.07,0,-0.57,5.37,1450.31,269.87,12.15,35,32,0.45,999.78,332.74,147028167.6,5.37,12147,130,-11785,-362,-5775,-6356,7,7,105
1484.23,0.13,0.01,-0.09,-0.01,-0.23,-69.74,-0.03,0.03,0.07,0,-0.65,6.05,1485.4,245.4,11.43,34,29,0.46,1031.87,339.7,141331248,6.05,11433,133,-11044,-389,-5617,-5782,0,8,105
2300.69,0.19,-0.01,0,0,0.98,0,0.55,-0.98,0.05,0,-0.17,7.39,2300.69,311.19,12.06,31,28,0.6,1739.52,501.74,118103104.3,7.39,12055,111,-11606,-449,-5684,-6338,393,393,106
2278.97,0.17,0.02,-0.01,0.04,0.98,0,2.62,-0.36,0.04,0,-0.06,5.97,2278.97,381.57,13.6,32,31,0.62,1593.46,499.21,137684484.1,5.97,13598,112,-13218,-380,-6843,-6738,7,7,106
1553.04,0.12,0.01,-0.05,0.01,-10.81,0.23,0.01,0.02,0.03,0,-0.23,5.12,1749.52,341.89,12.99,28,23,0.64,1378.13,430,132209531,5.12,12993,109,-12993,0,-5640,-7319,7,7,106
1655.47,0.05,0,0.22,0.05,-1.25,-14.24,0.01,-0.02,0.04,0,0.11,12.17,1726.52,141.9,34.01,155,103,0.66,877.11,1289.35,1650005442,12.17,34008,256,-10311,-23697,-17860,-16116,17,0,107
1865.98,0.07,0,-0.12,-0.02,-1.06,0,-0.05,0.01,0.03,0,0.04,11.84,1926.99,162.76,28.69,105,84,0.63,912.01,1294.13,1359773741,11.84,28693,217,-8344,-20349,-12975,-15701,0,0,107
1809.26,0.07,0,-0.44,0.26,-1.22,-36.61,-0.01,-0.01,0.06,0,0.14,10.36,1868.42,180.4,26.86,87,58,0.58,968.92,1289.87,906589413,10.36,26862,195,-6760,-20102,-12007,-14838,0,0,107
923.76,0.03,0.02,-0.04,0.14,-7.13,0,0.25,0.14,0.05,0.01,-0.08,1.76,1406.85,798.52,28.79,104,87,0.52,739.57,1262.48,414271396.1,1.76,28791,183,-3222,-25569,-10720,-18055,0,0,108
1453.72,0.06,0,0.24,0.05,-1.16,-174.8,-0.07,-0.18,0.02,0,-0.01,11.91,1456.06,122.21,22.79,84,77,0.5,691.2,1277.06,489547807.6,11.91,22785,176,-2539,-20246,-11768,-10951,8,0,108
1605.96,0.08,0,0.41,-0.01,-1.04,-22.88,-0.08,-0.05,0.07,0,-0.12,13.62,1609.27,118.12,20.01,70,61,0.55,787.81,1276.06,424332521.6,13.62,20014,159,-3942,-16072,-9641,-10356,0,0,108
657.89,0.03,0.03,-0.01,0.06,-8.65,-2.46,-0.25,-0.06,0.02,0,-0.18,2.64,1327.41,502.89,19.45,37,36,0.4,683.98,1211.89,176640865.2,2.64,19447,121,-2130,-17317,-10979,-8451,7,0,109
843.81,0.05,0.03,-0.05,0.02,-12.15,0,-0.13,0.21,0.02,0,-0.08,3.16,1573.5,497.6,18.3,32,32,0.4,681.21,1278.13,183819651.4,3.16,18301,122,-1555,-16746,-10719,-7565,0,0,109
868.21,0.06,0.03,-0.04,0.16,-14.84,0,-0.31,6.63,0.03,0,-0.15,3.52,1586.09,450.64,15.12,33,28,0.42,723.61,1296.64,168282707.4,3.52,15123,127,-2237,-12886,-8181,-6909,0,0,109
962.72,0.04,0.02,0.16,0.03,-5.44,-1.21,-0.01,-0.03,0.01,0.01,-0.09,3.43,2274.44,662.14,22.14,44,35,0.51,1060.49,662.32,824083624.2,3.43,22136,155,-15801,-6335,-7893,-14226,0,7,110
1137.76,0.08,0.03,0.09,0.27,-2.58,-14.85,0.44,-0.48,0.04,0.01,-0.03,2.69,1865.3,693.23,14.94,19,18,0.62,833.27,689.09,286041696.3,2.69,14943,101,-9806,-5137,-4269,-10657,16,16,110
2276,0.18,0.02,-0.52,0.27,-3.37,-35.91,0.37,-0.68,0.11,0.01,-0.12,6.78,2409.03,355.44,12.75,26,18,0.63,1174.55,709.82,316280010.6,6.78,12748,99,-8497,-4251,-6483,-6249,17,17,110
32.89,0,-0.04,0.01,-0.21,-181.58,21.94,-0.46,-0.47,0,0,0.04,1.85,1127.33,608.47,12.68,44,33,0.39,1070.49,482.66,56958251.16,1.85,12677,112,-12643,-34,-8005,-4655,8,8,111
-116.93,-0.01,-0.07,-0.05,-0.02,141.51,0,-0.21,-0.46,-0.01,-0.01,0.2,1.17,915.62,785.67,8.35,49,45,0.42,891.04,390,31477859.71,1.17,8346,132,-8346,0,-3658,-4672,0,16,111
60.06,0.01,-0.03,0,0,-123.67,15.96,-0.56,-0.54,0,0,-0.01,1.53,948.68,621.46,11.5,41,41,0.39,1032.79,479.96,36964576.24,1.53,11497,121,-11497,0,-6266,-5193,8,8,111
1023.99,0.08,-0.04,0.13,-0.09,-4.15,0,0.15,-0.58,0.01,-0.01,-0.44,1.88,1528.57,814.36,13.31,35,28,0.38,1191.17,698.52,150096343.7,1.88,13309,129,-11228,-2081,-8065,-5227,8,8,112
1315.61,0.11,-0.02,0.02,0,-14.26,40.92,-1.6,2.94,0.04,0,-0.56,2.24,1809.26,806.29,11.7,29,27,0.44,1149.63,808.37,169762270,2.24,11703,127,-8425,-3278,-5581,-5889,0,16,112
1568.41,0.14,-0.05,0.06,-0.16,-6.63,0,0.69,-0.38,0.04,0,-0.66,1.9,1878.85,990.22,11.11,33,31,0.5,1252.87,597.42,174478087.6,1.9,11111,134,-10343,-768,-5824,-5271,0,8,112
1589.78,0.1,0,0.28,0,-1.38,-76.63,-0.13,0.12,0,0,-0.08,4.87,1654.01,339.36,16.65,49,44,0.58,883.31,664.76,288977241.5,4.87,16646,167,-10005,-6641,-8417,-8213,8,8,113
1517.37,0.1,0,-0.03,-0.21,-0.36,-152.99,-0.04,-0.08,0.06,0,0.05,4.37,1559.47,356.7,14.94,46,44,0.58,859.44,700.96,218942713.2,4.37,14936,169,-9432,-5504,-7427,-7492,7,7,113
1533.15,0.1,0,0.09,-0.31,-0.34,-144.07,-0.03,0.11,0.07,0,0.03,5.45,1579.55,289.85,15.13,48,45,0.56,854.9,708.54,229532777.5,5.45,15126,167,-9205,-5921,-7604,-7505,7,7,113
1564.15,0.04,0,0.26,-0.11,-0.53,0,0.05,-0.04,0.04,0,-0.29,6.71,1584.32,235.95,37.34,160,103,0.5,972.19,618.11,1317619310,6.71,37338,261,-27450,-9888,-16354,-20968,0,17,114
1612.1,0.05,0,0,0,-0.36,0,-0.02,0.03,0.03,0,0,2.25,1629.93,725.02,32.96,137,92,0.63,931.71,609.56,1265121668,2.25,32955,230,-22806,-10149,-17952,-14986,8,0,114
1557.32,0.05,0,0,0,-2.85,64.39,-0.15,-0.14,0,0,-0.1,2.26,1588.38,703.12,29.76,100,60,0.66,963.39,642.17,1072623100,2.26,29757,215,-22045,-7712,-14974,-14767,7,7,114
1967.05,0.14,0.01,0.06,0.09,0.18,-46.64,0.02,0.09,0.02,0,-0.36,5.25,1967.05,374.83,14.48,26,14,0.73,1198.86,569.5,304556084.9,5.25,14476,114,-11773,-2703,-6539,-7920,7,7,115
1869.88,0.14,0,0,0,0.42,-146.94,0.06,0.2,0.03,0,-0.18,4.74,1869.88,394.52,13.25,26,22,0.72,1197.84,644.53,264292509.1,4.74,13251,116,-11386,-1865,-7501,-5217,8,8,115
1971.92,0.15,0,0,0,0.79,-1143.28,0.27,0.62,0,0,-0.37,5.78,1971.92,341.21,13.33,33,18,0.74,1437.76,766.5,306095951.6,5.78,13332,124,-11933,-1399,-6353,-6963,7,7,115
1707.32,0.08,0,-0.03,0.15,-1.93,271.73,-0.15,-0.02,0.07,0,0.12,6.95,1821.44,262.26,21.91,74,40,0.64,908.34,709.84,594307620.7,6.95,21908,195,-13256,-8652,-10623,-11268,17,17,116
1610.83,0.09,0,0.16,0.2,-0.97,134.38,-0.09,0.16,0.09,0,0.27,10.92,1719.11,157.5,16.97,47,35,0.66,876.64,738.28,366647324.8,10.92,16974,153,-9424,-7550,-7557,-9400,17,17,116
1757.31,0.1,0,0.04,0.01,-0.1,0,-0.01,0.26,0.06,0,0.16,9.16,1835.87,200.48,18.22,46,31,0.66,1013.57,740.56,430926109.8,9.16,18219,162,-11232,-6987,-7966,-10219,0,8,116
716.48,0.05,-0.01,0,0,-6.66,0,0.26,-0.3,0,0,-0.03,3.92,1419.82,362.18,14.38,57,39,0.63,1044.85,556.78,180424367.3,3.92,14377,143,-12273,-2104,-8391,-5970,0,8,117
765.18,0.07,-0.01,0,0.13,-27.37,0,-1.99,23.14,0.06,0,0.02,4.08,1390.57,340.78,11.3,57,40,0.61,1071.22,630.54,130303183.4,4.08,11297,149,-8521,-2776,-5529,-5751,0,7,117
774.9,0.06,-0.01,0,0,-7.88,0,-0.61,0.24,0,0,0.99,2.34,1359.19,580.89,12.02,53,58,0.56,1000.2,624.29,145446832,2.34,12018,161,-9134,-2884,-6231,-5770,29,0,117
770.07,0.03,-0.03,-0.14,0.17,-9.42,0,-0.33,-0.55,0.01,-0.02,-0.47,1.87,1525.94,813.84,23.01,40,34,0.57,1137.02,510.2,175294713.8,1.87,23008,120,-23008,0,-9668,-13323,7,7,118
1723.2,0.16,0,0.13,-0.14,-0.06,184.94,0.05,0.1,0.04,0,-0.57,10.6,1726.91,162.86,10.6,26,24,0.62,1418.41,502.9,149561250.1,10.6,10599,112,-10599,0,-4870,-5712,7,7,118
1609.08,0.17,0,0.17,-0.08,-0.16,578.48,0.41,-0.54,0.04,0,-0.56,9.52,1617.65,169.97,9.45,30,28,0.63,1459.25,524.97,113302771.3,9.52,9450,109,-9450,0,-4459,-4974,7,7,118
770.07,0.03,0.03,-0.14,0.17,-0.33,-0.55,0.01,-0.02,-0.47,1.87,1525.94,813.84,23.01,40,34,0.57,1137.02,510.2,175294713.8,1.87,23008,120,-23008,0,-9668,-13323,7,7,7312,0,119
1723.2,0.16,0.16,0.13,-0.14,0.05,0.1,0.04,0,-0.57,10.6,1726.91,162.86,10.6,26,24,0.62,1418.41,502.9,149561250.1,10.6,10599,112,-10599,0,-4870,-5712,7,7,17,0,119
1609.08,0.17,0.17,0.17,-0.08,0.41,-0.54,0.04,0,-0.56,9.52,1617.65,169.97,9.45,30,28,0.63,1459.25,524.97,113302771.3,9.52,9450,109,-9450,0,-4459,-4974,7,7,17,0,119
